﻿<?xml version="1.0" encoding="utf-8"?>
<JustCodeSettings Version="0.0" Timestamp="ff58da84-801f-4ce1-91e6-d96bc7d21ca8">
  <IgnoredErrorsAndWarningsSettings xmlns:i="http://www.w3.org/2001/XMLSchema-instance">
    <IgnoredErrorsAndWarnings Version="2">
      <FilePath>
        <FileRelativePath>JavaScriptOOPHomeworkTemplate/libraries/handlebars-v1.3.0.js</FileRelativePath>
        <ProjectRelativePath>JavaScriptOOPHomeworkTemplate/JavaScriptOOPHomeworkTemplate.csproj</ProjectRelativePath>
        <IgnoredElement>
          <TextualIdentifier>4560208900388234365</TextualIdentifier>
        </IgnoredElement>
        <IgnoredElement>
          <TextualIdentifier>12325067403104500950</TextualIdentifier>
        </IgnoredElement>
        <IgnoredElement>
          <TextualIdentifier>7271819794352972252</TextualIdentifier>
        </IgnoredElement>
        <IgnoredElement>
          <TextualIdentifier>15531123836815410119</TextualIdentifier>
        </IgnoredElement>
        <IgnoredElement>
          <TextualIdentifier>5043045644358712514</TextualIdentifier>
        </IgnoredElement>
        <IgnoredElement>
          <TextualIdentifier>18098027218758751959</TextualIdentifier>
        </IgnoredElement>
        <IgnoredElement>
          <TextualIdentifier>10175999454805923787</TextualIdentifier>
        </IgnoredElement>
        <IgnoredElement>
          <TextualIdentifier>9529094311131780493</TextualIdentifier>
        </IgnoredElement>
        <IgnoredElement>
          <TextualIdentifier>3713313262537215931</TextualIdentifier>
        </IgnoredElement>
        <IgnoredElement>
          <TextualIdentifier>11751328787890736674</TextualIdentifier>
        </IgnoredElement>
        <IgnoredElement>
          <TextualIdentifier>5625395806339245417</TextualIdentifier>
        </IgnoredElement>
        <IgnoredElement>
          <TextualIdentifier>5405993746481996197</TextualIdentifier>
        </IgnoredElement>
        <IgnoredElement>
          <TextualIdentifier>13645447768777656876</TextualIdentifier>
        </IgnoredElement>
        <IgnoredElement>
          <TextualIdentifier>152304993994431515</TextualIdentifier>
        </IgnoredElement>
      </FilePath>
    </IgnoredErrorsAndWarnings>
  </IgnoredErrorsAndWarningsSettings>
</JustCodeSettings>